TICKET,TYPE,MARKET,UNITS,PRICE,PROFIT (AUD),BALANCE,DATE/TIME
4894,MARKET_ORDER_REJECT,USD/CAD,,,,,1/03/2016 13:45
4893,Buy Market,AUD/USD,99622,0.76854,,1103609.92,1/03/2016 13:45
4891,Buy Market,USD/CAD,142029,1.33059,,1103609.92,1/03/2016 13:30
4889,Buy Market,AUD/USD,116811,0.76838,,1103609.92,1/03/2016 13:30
4887,MARKET_ORDER_REJECT,USD/CAD,,,,,1/03/2016 13:15
4886,Buy Market,AUD/USD,128569,0.7687,,1103609.92,1/03/2016 13:15
4884,MARKET_ORDER_REJECT,USD/CAD,,,,,1/03/2016 10:30
4883,MARKET_ORDER_REJECT,AUD/USD,,,,,1/03/2016 10:30
4882,Buy Market,USD/CAD,31285,1.32994,,1103609.92,1/03/2016 10:16
4880,Buy Market,AUD/USD,24682,0.77016,,1103609.92,1/03/2016 10:16
4878,Buy Market,USD/CAD,11774,1.33127,,1103609.92,1/03/2016 7:45
4876,Buy Market,AUD/USD,8141,0.77053,,1103609.92,1/03/2016 7:45
4874,MARKET_ORDER_REJECT,USD/CAD,,,,,1/03/2016 7:30
4873,MARKET_ORDER_REJECT,AUD/USD,,,,,1/03/2016 7:30
4872,MARKET_ORDER_REJECT,USD/CAD,,,,,1/03/2016 7:15
4871,Buy Market,AUD/USD,9750,0.77098,,1103609.92,1/03/2016 7:15
4869,MARKET_ORDER_REJECT,USD/CAD,,,,,1/03/2016 7:00
4868,Buy Market,AUD/USD,11552,0.77137,,1103609.92,1/03/2016 7:00
4866,Financing,,,,-24.4192,1103634.34,1/03/2016 7:00
4865,Financing,,,,1.4423,1103634.34,1/03/2015 15:18
4865,Take Profit,AUD/USD,640978,0.75732,1100.1009,1103632.9,1/03/2015 15:18
4864,Financing,,,,0.7737,1102532.8,1/03/2015 13:20
4864,Take Profit,AUD/USD,496658,0.75712,800.1621,1102532.02,1/03/2015 13:20
4863,Financing,,,,0.3415,1101731.86,1/03/2015 13:20
4863,Take Profit,AUD/USD,207207,0.75712,347.5112,1101731.52,1/03/2015 13:20
4862,Financing,,,,0.0059,1101384.01,1/03/2015 13:08
4862,Take Profit,AUD/USD,106054,0.75678,26.6214,1101384,1/03/2015 13:08
4861,MARKET_ORDER_REJECT,USD/CAD,,,,,1/03/2015 13:00
4860,Change Trade,,,1,,,1/03/2015 13:00
4859,Buy Market,AUD/USD,106054,0.75659,,1101357.38,1/03/2015 13:00
4857,Financing,,,,0.0036,1101357.38,1/03/2015 12:50
4857,Take Profit,AUD/USD,100676,0.75654,29.2713,1101357.38,1/03/2015 12:50
4856,MARKET_ORDER_REJECT,USD/CAD,,,,,1/03/2015 12:45
4855,Change Trade,,,1,,,1/03/2015 12:45
4854,Buy Market,AUD/USD,100676,0.75632,,1101328.11,1/03/2015 12:45
4852,Financing,,,,0.0081,1101328.11,1/03/2015 12:44
4852,Take Profit,AUD/USD,90529,0.75617,25.1366,1101328.1,1/03/2015 12:44
4851,Change Trade,,,1,,,1/03/2015 12:30
4850,Buy Market,USD/CAD,162765,1.34748,,1101302.96,1/03/2015 12:30
4848,Change Trade,,,1,,,1/03/2015 12:30
4847,Buy Market,AUD/USD,90529,0.75596,,1101302.96,1/03/2015 12:30
4845,Change Trade,,,1,,,1/03/2015 9:46
4844,Buy Market,USD/CAD,1067260,1.34808,,1101302.96,1/03/2015 9:46
4842,Change Trade,,,1,,,1/03/2015 9:46
4841,Buy Market,AUD/USD,640978,0.75602,,1101302.96,1/03/2015 9:46
4839,Change Trade,,,1,,,1/03/2015 9:30
4838,Buy Market,USD/CAD,830134,1.34836,,1101302.96,1/03/2015 9:30
4836,Change Trade,,,1,,,1/03/2015 9:30
4835,Buy Market,AUD/USD,496658,0.7559,,1101302.96,1/03/2015 9:30
4833,Change Trade,,,1,,,1/03/2015 9:16
4832,Order Cancelled,,,,,,1/03/2015 9:16
4831,Order Cancelled,,,,,,1/03/2015 9:16
4830,Order Cancelled,,,,,,1/03/2015 9:16
4829,Financing,,,,-0.1668,1101302.96,1/03/2015 9:16
4829,Buy Market,USD/CAD,106004,1.34861,3.12,1101303.13,1/03/2015 9:16
4829,Financing,,,,-0.1836,1101302.96,1/03/2015 9:16
4829,Buy Market,USD/CAD,116726,1.34861,8.0163,1101303.14,1/03/2015 9:16
4829,Financing,,,,-0.1843,1101302.96,1/03/2015 9:16
4829,Buy Market,USD/CAD,117128,1.34861,-9.1963,1101303.14,1/03/2015 9:16
4829,Buy Market,USD/CAD,406660,1.34861,,1101302.96,1/03/2015 9:16
4827,Change Trade,,,1,,,1/03/2015 9:16
4826,Order Cancelled,,,,,,1/03/2015 9:16
4825,Order Cancelled,,,,,,1/03/2015 9:16
4824,Order Cancelled,,,,,,1/03/2015 9:16
4823,Financing,,,,-0.3289,1101301.56,1/03/2015 9:16
4823,Buy Market,AUD/USD,67299,0.75585,-48.9816,1101301.88,1/03/2015 9:16
4823,Financing,,,,-0.3988,1101301.56,1/03/2015 9:16
4823,Buy Market,AUD/USD,81589,0.75585,-49.6651,1101301.95,1/03/2015 9:16
4823,Financing,,,,-0.4408,1101301.56,1/03/2015 9:16
4823,Buy Market,AUD/USD,90185,0.75585,-68.0254,1101302,1/03/2015 9:16
4823,Buy Market,AUD/USD,207207,0.75585,,1101301.56,1/03/2015 9:16
4821,Financing,,,,-4.5862,1101473.98,1/03/2015 7:00
4820,Change Trade,,,1,,,1/03/2015 1:15
4819,Sell Market,USD/CAD,117128,1.34853,,1101473.98,1/03/2015 1:15
4817,MARKET_ORDER_REJECT,AUD/USD,,,,,1/03/2015 1:15
4816,Change Trade,,,1,,,1/03/2015 1:00
4815,Sell Market,USD/CAD,116726,1.34868,,1101473.98,1/03/2015 1:00
4813,Change Trade,,,1,,,1/03/2015 1:00
4812,Sell Market,AUD/USD,90185,0.75528,,1101473.98,1/03/2015 1:00
4810,Change Trade,,,1,,,1/03/2015 0:45
4809,Sell Market,USD/CAD,106004,1.34864,,1101473.98,1/03/2015 0:45
4807,Change Trade,,,1,,,1/03/2015 0:45
4806,Sell Market,AUD/USD,81589,0.75539,,1101473.98,1/03/2015 0:45
4804,MARKET_ORDER_REJECT,USD/CAD,,,,,1/03/2015 0:30
4803,Change Trade,,,1,,,1/03/2015 0:30
4802,Sell Market,AUD/USD,67299,0.7553,,1101473.98,1/03/2015 0:30
4800,Financing,,,,-0.3377,1101473.98,1/03/2014 18:03
4800,Take Profit,USD/CAD,93468,1.34546,79.9956,1101474.32,1/03/2014 18:03
4799,Financing,,,,0.0095,1101394.32,1/03/2014 13:53
4799,Take Profit,AUD/USD,171520,0.75605,61.2418,1101394.31,1/03/2014 13:53
4798,Change Trade,,,1,,,1/03/2014 13:45
4797,Order Cancelled,,,,,,1/03/2014 13:45
4796,Financing,,,,-0.5819,1101333.07,1/03/2014 13:45
4796,Buy Market,USD/CAD,124805,1.34459,-30.7114,1101333.65,1/03/2014 13:45
4796,Buy Market,USD/CAD,93468,1.34459,,1101333.07,1/03/2014 13:45
4794,Change Trade,,,1,,,1/03/2014 13:45
4793,Buy Market,AUD/USD,171520,0.75578,,1101364.37,1/03/2014 13:45
4791,Financing,,,,-1.0938,1101364.37,1/03/2014 11:50
4791,Take Profit,AUD/USD,105627,0.75524,346.85,1101365.46,1/03/2014 11:50
4790,Financing,,,,-3.3669,1101021.98,1/03/2014 7:00
4789,Change Trade,,,1,,,1/03/2013 20:12
4788,Sell Market,USD/CAD,124805,1.34434,,1101021.98,1/03/2013 20:12
4786,Change Trade,,,1,,,1/03/2013 20:12
4785,Sell Market,AUD/USD,105627,0.75772,,1101021.98,1/03/2013 20:12
4783,Financing,,,,0.111,1101021.98,1/03/2011 7:28
4783,Take Profit,AUD/USD,54935,0.75525,70.5423,1101021.87,1/03/2011 7:28
4782,Financing,,,,-0.0108,1100951.32,1/03/2011 2:43
4782,Take Profit,USD/CAD,57072,1.34775,85.9417,1100951.33,1/03/2011 2:43
4781,Change Trade,,,1,,,1/03/2011 2:30
4780,Buy Market,USD/CAD,57072,1.34622,,1100865.39,1/03/2011 2:30
4778,Change Trade,,,1,,,1/03/2011 2:30
4777,Buy Market,AUD/USD,54935,0.75428,,1100865.39,1/03/2011 2:30
4775,Financing,,,,10.728,1100865.39,1/03/2011 0:32
4775,Take Profit,AUD/USD,1594340,0.75438,3423.0989,1100854.66,1/03/2011 0:32
4774,Financing,,,,4.566,1097431.57,1/03/2011 0:32
4774,Take Profit,AUD/USD,678684,0.75429,1394.3775,1097427,1/03/2011 0:32
4773,Financing,,,,4.9162,1096032.62,1/03/2011 0:32
4773,Take Profit,AUD/USD,730796,0.75429,1472.383,1096027.71,1/03/2011 0:32
4772,Financing,,,,4.4678,1094555.32,1/03/2011 0:32
4772,Take Profit,AUD/USD,664345,0.75418,1391.5382,1094550.86,1/03/2011 0:32
4771,Financing,,,,4.9756,1093159.32,1/03/2011 0:32
4771,Take Profit,AUD/USD,740192,0.754,1383.9401,1093154.34,1/03/2011 0:32
4770,Financing,,,,6.604,1091770.4,1/03/2011 0:32
4770,Take Profit,AUD/USD,982320,0.75392,1927.8545,1091763.8,1/03/2011 0:32
4769,Financing,,,,5.9274,1089835.94,1/03/2011 0:32
4769,Take Profit,AUD/USD,881722,0.75386,1754.0656,1089830.02,1/03/2011 0:32
4768,Financing,,,,54.8145,1088021.14,1/03/2010 8:00
4767,Financing,,,,-5.694,1088021.14,1/03/2009 21:15
4767,Take Profit,USD/CAD,597578,1.35211,1396.5545,1088026.83,1/03/2009 21:15
4766,Financing,,,,-3.7951,1086630.27,1/03/2009 21:14
4766,Take Profit,USD/CAD,407965,1.35195,1009.7646,1086634.07,1/03/2009 21:14
4765,Financing,,,,-3.881,1085624.31,1/03/2009 20:44
4765,Take Profit,USD/CAD,407428,1.35182,993.3541,1085628.19,1/03/2009 20:44
4764,Financing,,,,-3.9579,1084634.83,1/03/2009 20:44
4764,Take Profit,USD/CAD,425784,1.35176,1046.4001,1084638.79,1/03/2009 20:44
4763,Financing,,,,-3.113,1083592.39,1/03/2009 20:44
4763,Take Profit,USD/CAD,368154,1.35175,930.2232,1083595.5,1/03/2009 20:44
4762,Financing,,,,-3.17,1082665.28,1/03/2009 20:44
4762,Take Profit,USD/CAD,367892,1.35175,929.5612,1082668.45,1/03/2009 20:44
4761,Financing,,,,-6.7479,1081738.89,1/03/2009 20:44
4761,Take Profit,USD/CAD,818122,1.35158,2059.0725,1081745.64,1/03/2009 20:44
4760,Order Cancelled (NSF),,,,,,1/03/2009 15:30
4758,Order Cancelled (NSF),,,,,,1/03/2009 15:30
4756,Order Cancelled (NSF),,,,,,1/03/2009 15:15
4754,Order Cancelled (NSF),,,,,,1/03/2009 15:15
4752,Order Cancelled (NSF),,,,,,1/03/2009 15:00
4750,Order Cancelled (NSF),,,,,,1/03/2009 15:00
4748,Change Trade,,,1,,,1/03/2009 11:00
4747,Buy Market,USD/CAD,818122,1.34903,,1079686.56,1/03/2009 11:00
4745,Change Trade,,,1,,,1/03/2009 11:00
4744,Buy Market,AUD/USD,1594340,0.75276,,1079686.56,1/03/2009 11:00
4742,Change Trade,,,1,,,1/03/2009 10:45
4741,Buy Market,USD/CAD,368154,1.34919,,1079686.56,1/03/2009 10:45
4739,Change Trade,,,1,,,1/03/2009 10:45
4738,Buy Market,AUD/USD,664345,0.7526,,1079686.56,1/03/2009 10:45
4736,Change Trade,,,1,,,1/03/2009 10:34
4735,Buy Market,USD/CAD,367892,1.34919,,1079686.56,1/03/2009 10:34
4733,Change Trade,,,1,,,1/03/2009 10:34
4732,Buy Market,AUD/USD,678684,0.75274,,1079686.56,1/03/2009 10:34
4730,Change Trade,,,1,,,1/03/2009 10:15
4729,Buy Market,USD/CAD,407965,1.34944,,1079686.56,1/03/2009 10:15
4727,Change Trade,,,1,,,1/03/2009 10:15
4726,Buy Market,AUD/USD,730796,0.75277,,1079686.56,1/03/2009 10:15
4724,Change Trade,,,1,,,1/03/2009 10:00
4723,Buy Market,USD/CAD,597578,1.34974,,1079686.56,1/03/2009 10:00
4721,Change Trade,,,1,,,1/03/2009 10:00
4720,Buy Market,AUD/USD,982320,0.75244,,1079686.56,1/03/2009 10:00
4718,Change Trade,,,1,,,1/03/2009 9:46
4717,Buy Market,USD/CAD,425784,1.34927,,1079686.56,1/03/2009 9:46
4715,Change Trade,,,1,,,1/03/2009 9:46
4714,Buy Market,AUD/USD,740192,0.75259,,1079686.56,1/03/2009 9:46
4712,Change Trade,,,1,,,1/03/2009 9:30
4711,Order Cancelled,,,,,,1/03/2009 9:30
4710,Order Cancelled,,,,,,1/03/2009 9:30
4709,Order Cancelled,,,,,,1/03/2009 9:30
4708,Order Cancelled,,,,,,1/03/2009 9:30
4707,Financing,,,,-0.0222,1079686.56,1/03/2009 9:30
4707,Buy Market,USD/CAD,20976,1.34935,-816.079,1079686.59,1/03/2009 9:30
4707,Financing,,,,-0.0392,1079686.56,1/03/2009 9:30
4707,Buy Market,USD/CAD,37152,1.34935,-1365.9658,1079686.6,1/03/2009 9:30
4707,Financing,,,,-0.0358,1079686.56,1/03/2009 9:30
4707,Buy Market,USD/CAD,33800,1.34935,-1249.0515,1079686.6,1/03/2009 9:30
4707,Financing,,,,-0.0343,1079686.56,1/03/2009 9:30
4707,Buy Market,USD/CAD,32534,1.34935,-1090.0559,1079686.6,1/03/2009 9:30
4707,Buy Market,USD/CAD,407428,1.34935,,1079686.56,1/03/2009 9:30
4705,Change Trade,,,1,,,1/03/2009 9:30
4704,Buy Market,AUD/USD,881722,0.75236,,1084207.85,1/03/2009 9:30
4702,Financing,,,,-2.0913,1084209.94,1/03/2009 8:00
4701,Financing,,,,-2.0698,1084212.01,1/03/2008 8:00
4700,Financing,,,,-2.0714,1084214.08,1/03/2007 8:00
4699,Financing,,,,-2.0664,1084216.15,1/03/2006 8:00
4698,Financing,,,,-2.0664,1084218.21,1/03/2005 8:00
4697,Financing,,,,-2.0666,1084220.28,1/03/2004 8:00
4696,Financing,,,,-2.0739,1084222.35,1/03/2003 8:00
4695,Financing,,,,-2.0413,1084224.39,1/03/2002 8:00
4694,Financing,,,,-2.04,1084226.43,1/03/2001 8:00
4693,Financing,,,,0.2818,1084226.43,1/02/2028 15:13
4693,Take Profit,AUD/USD,95935,0.76896,219.5395,1084226.15,1/02/2028 15:13
4692,Financing,,,,-1.3357,1084007.95,1/02/2028 8:00
4691,Change Trade,,,1,,,1/02/2028 6:30
4690,Sell Market,USD/CAD,32534,1.31535,,1084007.95,1/02/2028 6:30
4688,Change Trade,,,1,,,1/02/2028 6:30
4687,Buy Market,AUD/USD,95935,0.7672,,1084007.95,1/02/2028 6:30
4685,Financing,,,,-0.0029,1084007.95,1/02/2027 15:45
4685,Take Profit,AUD/USD,139217,0.77019,41.5735,1084007.95,1/02/2027 15:45
4684,Order Cancelled,,,,,,1/02/2027 15:45
4683,Financing,,,,-0.2162,1083966.38,1/02/2027 15:45
4683,Buy Market,USD/CAD,41251,1.30969,-45.7958,1083966.59,1/02/2027 15:45
4683,Financing,,,,-0.1021,1083966.38,1/02/2027 15:45
4683,Buy Market,USD/CAD,19481,1.30969,3.4744,1083966.48,1/02/2027 15:45
4681,Change Trade,,,1,,,1/02/2027 15:45
4680,Sell Market,AUD/USD,139217,0.77042,,1084009.02,1/02/2027 15:45
4678,Financing,,,,0.3375,1084009.02,1/02/2027 14:21
4678,Take Profit,AUD/USD,130968,0.76922,28.9391,1084008.68,1/02/2027 14:21
4677,Financing,,,,0.0201,1083979.74,1/02/2027 11:30
4677,Take Profit,AUD/USD,99199,0.76723,40.0736,1083979.72,1/02/2027 11:30
4676,Change Trade,,,1,,,1/02/2027 11:00
4675,Sell Market,USD/CAD,33800,1.31185,,1083939.65,1/02/2027 11:00
4673,Change Trade,,,1,,,1/02/2027 11:00
4672,Buy Market,AUD/USD,99199,0.76692,,1083939.65,1/02/2027 11:00
4670,Financing,,,,0.0064,1083939.65,1/02/2027 10:53
4670,Take Profit,AUD/USD,122447,0.76709,52.6647,1083939.64,1/02/2027 10:53
4669,Change Trade,,,1,,,1/02/2027 10:45
4668,Sell Market,USD/CAD,37152,1.31204,,1083886.98,1/02/2027 10:45
4666,Change Trade,,,1,,,1/02/2027 10:45
4665,Buy Market,AUD/USD,122447,0.76676,,1083886.98,1/02/2027 10:45
4663,Financing,,,,-0.0677,1083887.04,1/02/2027 8:00
4662,Financing,,,,-0.0676,1083887.11,1/02/2026 8:00
4661,Financing,,,,0.1485,1083886.96,1/02/2025 8:00
4660,Financing,,,,0.2209,1083886.96,1/02/2025 2:42
4660,Take Profit,AUD/USD,129571,0.76894,43.8036,1083886.74,1/02/2025 2:42
4659,Financing,,,,0.1056,1083842.94,1/02/2025 2:40
4659,Take Profit,AUD/USD,89039,0.76876,30.1085,1083842.83,1/02/2025 2:40
4658,Financing,,,,0.0034,1083812.73,1/02/2025 1:35
4658,Take Profit,AUD/USD,90821,0.76741,33.1317,1083812.72,1/02/2025 1:35
4657,Change Trade,,,1,,,1/02/2025 1:30
4656,Sell Market,USD/CAD,40457,1.30987,,1083779.59,1/02/2025 1:30
4654,Change Trade,,,1,,,1/02/2025 1:30
4653,Buy Market,AUD/USD,90821,0.76713,,1083779.59,1/02/2025 1:30
4651,Financing,,,,0.008,1083779.59,1/02/2025 1:28
4651,Take Profit,AUD/USD,92701,0.76715,26.5799,1083779.58,1/02/2025 1:28
4650,Change Trade,,,1,,,1/02/2025 1:15
4649,Sell Market,USD/CAD,41251,1.30857,,1083753,1/02/2025 1:15
4647,Change Trade,,,1,,,1/02/2025 1:15
4646,Buy Market,AUD/USD,92701,0.76693,,1083753,1/02/2025 1:15
4644,Financing,,,,0.0238,1083753,1/02/2025 0:34
4644,Take Profit,AUD/USD,103052,0.76838,24.1365,1083752.98,1/02/2025 0:34
4643,Financing,,,,0.0101,1083728.84,1/02/2025 0:31
4643,Take Profit,AUD/USD,93187,0.76827,25.4672,1083728.83,1/02/2025 0:31
4642,Financing,,,,-0.0355,1083703.36,1/02/2025 0:30
4642,Take Profit,USD/CAD,42227,1.30969,17.6198,1083703.4,1/02/2025 0:30
4641,Financing,,,,-0.0446,1083685.78,1/02/2025 0:29
4641,Take Profit,USD/CAD,44462,1.30986,16.7895,1083685.82,1/02/2025 0:29
4640,Financing,,,,-0.0168,1083669.04,1/02/2025 0:26
4640,Take Profit,USD/CAD,36464,1.31021,15.947,1083669.05,1/02/2025 0:26
4639,Financing,,,,-0.0046,1083653.11,1/02/2025 0:26
4639,Take Profit,USD/CAD,37417,1.31021,18.2233,1083653.11,1/02/2025 0:26
4638,Change Trade,,,1,,,1/02/2025 0:15
4637,Sell Market,USD/CAD,37417,1.3107,,1083634.89,1/02/2025 0:15
4635,Change Trade,,,1,,,1/02/2025 0:15
4634,Buy Market,AUD/USD,93187,0.76806,,1083634.89,1/02/2025 0:15
4632,Financing,,,,-0.0054,1083634.89,1/02/2025 0:11
4632,Take Profit,USD/CAD,40981,1.31088,18.3169,1083634.89,1/02/2025 0:11
4631,Change Trade,,,1,,,1/02/2025 0:00
4630,Sell Market,USD/CAD,40981,1.31133,,1083616.58,1/02/2025 0:00
4628,Change Trade,,,1,,,1/02/2025 0:00
4627,Buy Market,AUD/USD,103052,0.7682,,1083616.58,1/02/2025 0:00
4625,Change Trade,,,1,,,1/02/2024 23:45
4624,Sell Market,USD/CAD,36464,1.31065,,1083616.58,1/02/2024 23:45
4622,Change Trade,,,1,,,1/02/2024 23:45
4621,Buy Market,AUD/USD,89039,0.7685,,1083616.58,1/02/2024 23:45
4619,Financing,,,,-0.0017,1083616.58,1/02/2024 23:34
4619,Take Profit,USD/CAD,38845,1.31026,19.6646,1083616.58,1/02/2024 23:34
4618,Financing,,,,0.0022,1083596.91,1/02/2024 23:34
4618,Take Profit,AUD/USD,93468,0.76878,14.5871,1083596.91,1/02/2024 23:34
4617,Financing,,,,0.0405,1083582.32,1/02/2024 23:34
4617,Take Profit,AUD/USD,122729,0.76878,25.5383,1083582.28,1/02/2024 23:34
4616,Financing,,,,0.0252,1083556.74,1/02/2024 23:33
4616,Take Profit,AUD/USD,112231,0.7687,24.8157,1083556.72,1/02/2024 23:33
4615,Financing,,,,0.0124,1083531.9,1/02/2024 23:33
4615,Take Profit,AUD/USD,103678,0.7686,29.6712,1083531.89,1/02/2024 23:33
4614,Change Trade,,,1,,,1/02/2024 23:30
4613,Sell Market,USD/CAD,38845,1.31077,,1083502.22,1/02/2024 23:30
4611,Change Trade,,,1,,,1/02/2024 23:30
4610,Buy Market,AUD/USD,93468,0.76866,,1083502.22,1/02/2024 23:30
4608,Change Trade,,,1,,,1/02/2024 23:15
4607,Sell Market,USD/CAD,42227,1.31011,,1083502.22,1/02/2024 23:15
4605,Change Trade,,,1,,,1/02/2024 23:15
4604,Buy Market,AUD/USD,103678,0.76838,,1083502.22,1/02/2024 23:15
4602,Financing,,,,-0.0237,1083502.22,1/02/2024 23:10
4602,Take Profit,USD/CAD,51499,1.31005,24.5523,1083502.24,1/02/2024 23:10
4601,Financing,,,,-0.0138,1083477.69,1/02/2024 23:10
4601,Take Profit,USD/CAD,48187,1.31005,17.23,1083477.7,1/02/2024 23:10
4600,Financing,,,,-0.0326,1083460.47,1/02/2024 23:10
4600,Take Profit,USD/CAD,51831,1.3101,18.0185,1083460.51,1/02/2024 23:10
4599,Change Trade,,,1,,,1/02/2024 23:00
4598,Sell Market,USD/CAD,44462,1.31024,,1083442.49,1/02/2024 23:00
4596,Change Trade,,,1,,,1/02/2024 23:00
4595,Buy Market,AUD/USD,112231,0.76853,,1083442.49,1/02/2024 23:00
4593,Change Trade,,,1,,,1/02/2024 22:45
4592,Sell Market,USD/CAD,48187,1.31041,,1083442.49,1/02/2024 22:45
4590,Change Trade,,,1,,,1/02/2024 22:45
4589,Buy Market,AUD/USD,122729,0.76862,,1083442.49,1/02/2024 22:45
4587,Change Trade,,,1,,,1/02/2024 22:30
4586,Sell Market,USD/CAD,51499,1.31053,,1083442.49,1/02/2024 22:30
4584,Change Trade,,,1,,,1/02/2024 22:30
4583,Buy Market,AUD/USD,129571,0.76868,,1083442.49,1/02/2024 22:30
4581,Change Trade,,,1,,,1/02/2024 22:15
4580,Sell Market,USD/CAD,51831,1.31045,,1083442.49,1/02/2024 22:15
4578,Change Trade,,,1,,,1/02/2024 22:15
4577,Buy Market,AUD/USD,130968,0.76905,,1083442.49,1/02/2024 22:15
4575,Financing,,,,-6.8435,1083442.49,1/02/2024 19:21
4575,Take Profit,USD/CAD,893815,1.30821,1770.5793,1083449.33,1/02/2024 19:21
4574,Financing,,,,-4.3303,1081678.75,1/02/2024 19:21
4574,Take Profit,USD/CAD,565640,1.3082,1316.5754,1081683.08,1/02/2024 19:21
4573,Financing,,,,-23.6645,1080390.17,1/02/2024 8:00
4572,Financing,,,,-0.8748,1080390.17,1/02/2024 3:25
4572,Take Profit,AUD/USD,111436,0.77128,21.6723,1080391.05,1/02/2024 3:25
4571,Financing,,,,-0.5856,1080369.37,1/02/2024 2:20
4571,Take Profit,AUD/USD,117413,0.77199,16.73,1080369.96,1/02/2024 2:20
4570,Financing,,,,-0.4807,1080353.23,1/02/2024 2:16
4570,Take Profit,AUD/USD,110856,0.77212,20.1006,1080353.71,1/02/2024 2:16
4569,Financing,,,,-0.4036,1080333.61,1/02/2024 2:14
4569,Take Profit,AUD/USD,108697,0.77234,40.8133,1080334.01,1/02/2024 2:14
4568,Financing,,,,-0.2626,1080293.2,1/02/2024 2:11
4568,Take Profit,AUD/USD,104567,0.77266,17.5934,1080293.46,1/02/2024 2:11
4567,Financing,,,,-0.0696,1080275.87,1/02/2024 1:54
4567,Take Profit,AUD/USD,81329,0.7731,17.884,1080275.94,1/02/2024 1:54
4566,Financing,,,,-0.0102,1080258.06,1/02/2024 1:48
4566,Take Profit,AUD/USD,80391,0.77375,18.7019,1080258.07,1/02/2024 1:48
4565,Financing,,,,-0.7095,1080239.36,1/02/2024 1:45
4565,Buy Market,USD/CAD,59395,1.31043,7.0268,1080240.07,1/02/2024 1:45
4563,Change Trade,,,1,,,1/02/2024 1:45
4562,Sell Market,AUD/USD,80391,0.77393,,1080233.05,1/02/2024 1:45
4560,Financing,,,,-0.6546,1080233.05,1/02/2024 1:30
4560,Buy Market,USD/CAD,55529,1.31051,2.1915,1080233.7,1/02/2024 1:30
4558,Change Trade,,,1,,,1/02/2024 1:30
4557,Sell Market,AUD/USD,81329,0.77327,,1080231.51,1/02/2024 1:30
4555,Financing,,,,-0.0203,1080231.51,1/02/2024 1:20
4555,Take Profit,AUD/USD,98912,0.7733,16.6282,1080231.53,1/02/2024 1:20
4554,Financing,,,,-0.7631,1080214.9,1/02/2024 1:15
4554,Buy Market,USD/CAD,65699,1.30954,65.5044,1080215.67,1/02/2024 1:15
4552,Change Trade,,,1,,,1/02/2024 1:15
4551,Sell Market,AUD/USD,98912,0.77343,,1080150.16,1/02/2024 1:15
4549,Financing,,,,-0.7165,1080150.16,1/02/2024 1:01
4549,Buy Market,USD/CAD,62498,1.30931,76.5816,1080150.88,1/02/2024 1:01
4547,Change Trade,,,1,,,1/02/2024 1:01
4546,Sell Market,AUD/USD,104567,0.77279,,1080074.3,1/02/2024 1:01
4544,Financing,,,,-13.8017,1080074.3,1/02/2024 0:52
4544,Take Profit,USD/CAD,1213952,1.30863,2844.4405,1080088.1,1/02/2024 0:52
4543,Financing,,,,-0.0108,1077243.66,1/02/2024 0:48
4543,Take Profit,AUD/USD,107968,0.77279,11.1771,1077243.67,1/02/2024 0:48
4542,Financing,,,,-0.7252,1077232.49,1/02/2024 0:45
4542,Buy Market,USD/CAD,64243,1.31035,41.2286,1077233.22,1/02/2024 0:45
4540,Change Trade,,,1,,,1/02/2024 0:45
4539,Sell Market,AUD/USD,107968,0.77287,,1077191.99,1/02/2024 0:45
4537,Financing,,,,-0.659,1077191.99,1/02/2024 0:30
4537,Buy Market,USD/CAD,59229,1.31103,-1.7544,1077192.65,1/02/2024 0:30
4535,Change Trade,,,1,,,1/02/2024 0:30
4534,Sell Market,AUD/USD,108697,0.77263,,1077194.4,1/02/2024 0:30
4532,Financing,,,,-0.6752,1077194.4,1/02/2024 0:28
4532,Take Profit,USD/CAD,60770,1.31096,43.7928,1077195.08,1/02/2024 0:28
4531,Financing,,,,-0.4635,1077151.28,1/02/2024 0:20
4531,Take Profit,USD/CAD,42100,1.31117,30.3278,1077151.75,1/02/2024 0:20
4530,Financing,,,,-0.6148,1077121.42,1/02/2024 0:15
4530,Buy Market,USD/CAD,56066,1.31175,-41.5172,1077122.03,1/02/2024 0:15
4528,Change Trade,,,1,,,1/02/2024 0:15
4527,Sell Market,AUD/USD,110856,0.77226,,1077163.55,1/02/2024 0:15
4525,Financing,,,,-0.6204,1077163.55,1/02/2024 0:00
4525,Buy Market,USD/CAD,57453,1.31194,-53.3238,1077164.17,1/02/2024 0:00
4523,Change Trade,,,1,,,1/02/2024 0:00
4522,Sell Market,AUD/USD,117413,0.7721,,1077217.49,1/02/2024 0:00
4520,Financing,,,,-0.0803,1077217.49,1/02/2023 23:49
4520,Take Profit,AUD/USD,118558,0.77139,13.8325,1077217.58,1/02/2023 23:49
4519,Financing,,,,-0.4878,1077203.74,1/02/2023 23:45
4519,Buy Market,USD/CAD,45840,1.31237,-62.0383,1077204.23,1/02/2023 23:45
4517,Change Trade,,,1,,,1/02/2023 23:45
4516,Sell Market,AUD/USD,111436,0.77143,,1077266.27,1/02/2023 23:45
4514,Financing,,,,-0.5381,1077266.27,1/02/2023 23:30
4514,Buy Market,USD/CAD,51371,1.31279,-90.8018,1077266.81,1/02/2023 23:30
4512,Change Trade,,,1,,,1/02/2023 23:30
4511,Sell Market,AUD/USD,118558,0.77148,,1077357.61,1/02/2023 23:30
4509,Financing,,,,-0.3479,1077357.61,1/02/2023 9:50
4509,Take Profit,AUD/USD,88908,0.76979,105.1004,1077357.96,1/02/2023 9:50
4508,Financing,,,,-0.182,1077252.86,1/02/2023 8:54
4508,Take Profit,AUD/USD,94441,0.76999,107.9326,1077253.04,1/02/2023 8:54
4507,Financing,,,,-0.0001,1077145.11,1/02/2023 8:00
4507,Buy Market,USD/CAD,33227,1.31445,-113.1699,1077145.11,1/02/2023 8:00
4505,Change Trade,,,1,,,1/02/2023 8:00
4504,Sell Market,AUD/USD,88908,0.7707,,1077258.28,1/02/2023 8:00
4502,Financing,,,,-54.6523,1077312.93,1/02/2023 8:00
4501,Financing,,,,-0.6161,1077312.93,1/02/2023 7:45
4501,Buy Market,USD/CAD,38323,1.31469,-139.5448,1077313.54,1/02/2023 7:45
4499,Change Trade,,,1,,,1/02/2023 7:45
4498,Sell Market,AUD/USD,94441,0.77087,,1077453.09,1/02/2023 7:45
4496,CLIENT_CONFIGURE,,,,,,1/02/2022 21:35
4495,Financing,,,,-0.2271,1077453.09,1/02/2022 14:34
4495,Take Profit,AUD/USD,185524,0.76911,43.4194,1077453.32,1/02/2022 14:34
4494,Change Trade,,,1,,,1/02/2022 14:00
4493,Sell Market,USD/CAD,42100,1.3119,,1077409.9,1/02/2022 14:00
4491,Change Trade,,,1,,,1/02/2022 14:00
4490,Sell Market,AUD/USD,185524,0.76929,,1077409.9,1/02/2022 14:00
4488,Financing,,,,-0.1299,1077409.9,1/02/2022 13:48
4488,Take Profit,AUD/USD,213542,0.76918,55.5246,1077410.03,1/02/2022 13:48
4487,Change Trade,,,1,,,1/02/2022 13:31
4486,Sell Market,USD/CAD,60770,1.31169,,1077354.5,1/02/2022 13:31
4484,Change Trade,,,1,,,1/02/2022 13:31
4483,Sell Market,AUD/USD,213542,0.76938,,1077354.5,1/02/2022 13:31
4481,Financing,,,,-3.5362,1077354.5,1/02/2022 11:39
4481,Take Profit,AUD/USD,452305,0.76696,82.5632,1077358.04,1/02/2022 11:39
4480,Financing,,,,-1.1246,1077275.47,1/02/2022 9:44
4480,Take Profit,AUD/USD,301511,0.76722,78.5973,1077276.6,1/02/2022 9:44
4479,Financing,,,,-1.4417,1077198,1/02/2022 9:44
4479,Take Profit,AUD/USD,386547,0.76722,85.6497,1077199.44,1/02/2022 9:44
4478,Financing,,,,-1.0773,1077113.79,1/02/2022 9:27
4478,Take Profit,AUD/USD,345598,0.76741,58.5439,1077114.87,1/02/2022 9:27
4477,Financing,,,,-0.4288,1077056.33,1/02/2022 8:53
4477,Take Profit,AUD/USD,223720,0.7675,46.6381,1077056.76,1/02/2022 8:53
4476,Financing,,,,-0.3606,1077010.12,1/02/2022 8:46
4476,Take Profit,AUD/USD,218287,0.76758,36.9694,1077010.48,1/02/2022 8:46
4475,Financing,,,,-0.4865,1076973.51,1/02/2022 8:46
4475,Take Profit,AUD/USD,294508,0.76758,49.8782,1076974,1/02/2022 8:46
4474,Financing,,,,-0.1718,1076924.12,1/02/2022 8:22
4474,Take Profit,AUD/USD,211876,0.76774,44.1552,1076924.29,1/02/2022 8:22
4473,Financing,,,,-67.92,1076948.05,1/02/2022 8:00
4472,Financing,,,,-0.3918,1076948.05,1/02/2022 6:40
4472,Take Profit,USD/CAD,238921,1.31484,108.8187,1076948.45,1/02/2022 6:40
4471,Financing,,,,-0.257,1076839.63,1/02/2022 6:40
4471,Take Profit,USD/CAD,175586,1.31495,81.7051,1076839.88,1/02/2022 6:40
4470,Financing,,,,-0.1999,1076758.18,1/02/2022 6:40
4470,Take Profit,USD/CAD,153987,1.31499,70.1292,1076758.38,1/02/2022 6:40
4469,Financing,,,,-0.1411,1076688.25,1/02/2022 6:39
4469,Take Profit,USD/CAD,125666,1.31515,52.2494,1076688.39,1/02/2022 6:39
4468,Financing,,,,-0.0295,1076636.14,1/02/2022 6:39
4468,Take Profit,USD/CAD,66933,1.3152,29.8169,1076636.17,1/02/2022 6:39
4467,Financing,,,,-0.1451,1076606.35,1/02/2022 6:39
4467,Take Profit,USD/CAD,151967,1.3152,70.7061,1076606.5,1/02/2022 6:39
4466,Financing,,,,-0.0132,1076535.79,1/02/2022 6:38
4466,Take Profit,USD/CAD,56862,1.31533,25.8937,1076535.81,1/02/2022 6:38
4465,Change Trade,,,1,,,1/02/2022 6:17
4464,Sell Market,USD/CAD,56862,1.31579,,1076509.91,1/02/2022 6:17
4462,Change Trade,,,1,,,1/02/2022 6:17
4461,Sell Market,AUD/USD,211876,0.7679,,1076509.91,1/02/2022 6:17
4459,Financing,,,,-0.0125,1076509.91,1/02/2022 6:02
4459,Take Profit,USD/CAD,66233,1.31554,30.8134,1076509.93,1/02/2022 6:02
4458,Change Trade,,,1,,,1/02/2022 6:00
4457,Sell Market,USD/CAD,66933,1.31565,,1076479.11,1/02/2022 6:00
4455,Change Trade,,,1,,,1/02/2022 6:00
4454,Sell Market,AUD/USD,218287,0.76771,,1076479.11,1/02/2022 6:00
4452,Change Trade,,,1,,,1/02/2022 5:46
4451,Sell Market,USD/CAD,66233,1.31601,,1076479.11,1/02/2022 5:46
4449,Change Trade,,,1,,,1/02/2022 5:46
4448,Sell Market,AUD/USD,223720,0.76766,,1076479.11,1/02/2022 5:46
4446,Financing,,,,-0.0072,1076479.11,1/02/2022 5:36
4446,Take Profit,USD/CAD,104095,1.31582,45.3362,1076479.12,1/02/2022 5:36
4445,Change Trade,,,1,,,1/02/2022 5:30
4444,Sell Market,USD/CAD,104095,1.31626,,1076433.78,1/02/2022 5:30
4442,Change Trade,,,1,,,1/02/2022 5:30
4441,Sell Market,AUD/USD,294508,0.76771,,1076433.78,1/02/2022 5:30
4439,Change Trade,,,1,,,1/02/2022 5:15
4438,Sell Market,USD/CAD,151967,1.31567,,1076433.78,1/02/2022 5:15
4436,Change Trade,,,1,,,1/02/2022 5:15
4435,Sell Market,AUD/USD,345598,0.76754,,1076433.78,1/02/2022 5:15
4433,Financing,,,,-0.2594,1076433.78,1/02/2022 5:06
4433,Take Profit,AUD/USD,351492,0.7673,64.1317,1076434.04,1/02/2022 5:06
4432,Change Trade,,,1,,,1/02/2022 5:00
4431,Sell Market,USD/CAD,125666,1.31557,,1076369.91,1/02/2022 5:00
4429,Change Trade,,,1,,,1/02/2022 5:00
4428,Sell Market,AUD/USD,301511,0.76742,,1076369.91,1/02/2022 5:00
4426,Change Trade,,,1,,,1/02/2022 4:45
4425,Sell Market,USD/CAD,153987,1.31545,,1076369.91,1/02/2022 4:45
4423,Change Trade,,,1,,,1/02/2022 4:45
4422,Sell Market,AUD/USD,351492,0.76744,,1076369.91,1/02/2022 4:45
4420,Change Trade,,,1,,,1/02/2022 4:30
4419,Sell Market,USD/CAD,175586,1.31542,,1076369.91,1/02/2022 4:30
4417,Change Trade,,,1,,,1/02/2022 4:30
4416,Sell Market,AUD/USD,386547,0.76739,,1076369.91,1/02/2022 4:30
4414,Change Trade,,,1,,,1/02/2022 4:15
4413,Sell Market,USD/CAD,238921,1.3153,,1076369.91,1/02/2022 4:15
4411,Change Trade,,,1,,,1/02/2022 4:15
4410,Sell Market,AUD/USD,452305,0.7671,,1076369.91,1/02/2022 4:15
4408,Financing,,,,-0.0386,1076369.91,1/02/2022 2:54
4408,Take Profit,USD/CAD,361000,1.31492,150.36,1076369.95,1/02/2022 2:54
4407,Financing,,,,-0.1439,1076219.59,1/02/2022 2:51
4407,Take Profit,AUD/USD,638759,0.76706,116.5831,1076219.73,1/02/2022 2:51
4406,Change Trade,,,1,,,1/02/2022 2:45
4405,Sell Market,USD/CAD,361000,1.31534,,1076103.15,1/02/2022 2:45
4403,Change Trade,,,1,,,1/02/2022 2:45
4402,Sell Market,AUD/USD,638759,0.7672,,1076103.15,1/02/2022 2:45
4400,Financing,,,,1.5805,1076103.15,1/02/2022 1:49
4400,Take Profit,AUD/USD,1379901,0.76626,144.0416,1076101.57,1/02/2022 1:49
4399,Financing,,,,0.4168,1075957.53,1/02/2022 1:10
4399,Take Profit,AUD/USD,1125686,0.7659,235.118,1075957.11,1/02/2022 1:10
4398,Financing,,,,0.1318,1075721.99,1/02/2022 0:19
4398,Take Profit,AUD/USD,981452,0.76587,217.8129,1075721.86,1/02/2022 0:19
4397,Financing,,,,-8.2333,1075504.05,1/02/2022 0:15
4397,Buy Market,USD/CAD,743969,1.31356,-1894.0675,1075512.28,1/02/2022 0:15
4395,Change Trade,,,1,,,1/02/2022 0:15
4394,Buy Market,AUD/USD,1125686,0.76574,,1077406.35,1/02/2022 0:15
4392,Financing,,,,-7.089,1077406.35,1/02/2022 0:00
4392,Buy Market,USD/CAD,650438,1.31418,-2056.0974,1077413.44,1/02/2022 0:00
4390,Change Trade,,,1,,,1/02/2022 0:00
4389,Buy Market,AUD/USD,981452,0.7657,,1079469.54,1/02/2022 0:00
4387,Financing,,,,0.249,1079469.54,1/02/2021 23:39
4387,Take Profit,AUD/USD,1512880,0.76583,296.2675,1079469.29,1/02/2021 23:39
4386,Order Cancelled,,,,,,1/02/2021 23:15
4385,Financing,,,,-6.6605,1079173.02,1/02/2021 23:15
4385,Buy Market,USD/CAD,641053,1.31408,-1720.7594,1079179.68,1/02/2021 23:15
4385,Financing,,,,-4.0336,1079173.02,1/02/2021 23:15
4385,Buy Market,USD/CAD,388169,1.31408,-1188.5954,1079177.05,1/02/2021 23:15
4383,Change Trade,,,1,,,1/02/2021 23:15
4382,Buy Market,AUD/USD,1512880,0.76568,,1082093.07,1/02/2021 23:15
4380,Financing,,,,-9.6113,1082093.07,1/02/2021 23:00
4380,Buy Market,USD/CAD,941351,1.31357,-2048.9576,1082102.68,1/02/2021 23:00
4378,Change Trade,,,1,,,1/02/2021 23:00
4377,Buy Market,AUD/USD,1379901,0.76618,,1084151.64,1/02/2021 23:00
4375,Financing,,,,0.108,1084151.64,1/02/2021 20:43
4375,Take Profit,AUD/USD,1205204,0.76556,220.3586,1084151.53,1/02/2021 20:43
4374,Financing,,,,0.5517,1083931.17,1/02/2021 20:43
4374,Take Profit,AUD/USD,1399261,0.76556,511.6796,1083930.62,1/02/2021 20:43
4373,Financing,,,,-6.9891,1083418.94,1/02/2021 20:30
4373,Buy Market,USD/CAD,819855,1.31566,-3485.5565,1083425.93,1/02/2021 20:30
4371,Change Trade,,,1,,,1/02/2021 20:30
4370,Buy Market,AUD/USD,1205204,0.76542,,1086911.48,1/02/2021 20:30
4368,Financing,,,,0.0806,1086911.48,1/02/2021 20:23
4368,Take Profit,AUD/USD,1503461,0.7653,314.2727,1086911.4,1/02/2021 20:23
4367,Order Cancelled,,,,,,1/02/2021 20:15
4366,Financing,,,,-5.1444,1086597.13,1/02/2021 20:15
4366,Buy Market,USD/CAD,615589,1.31602,-3167.7488,1086602.28,1/02/2021 20:15
4366,Financing,,,,-3.4599,1086597.13,1/02/2021 20:15
4366,Buy Market,USD/CAD,414095,1.31602,-1908.7458,1086600.59,1/02/2021 20:15
4364,Change Trade,,,1,,,1/02/2021 20:15
4363,Buy Market,AUD/USD,1503461,0.76514,,1091682.23,1/02/2021 20:15
4361,Financing,,,,0.0234,1091682.23,1/02/2021 20:02
4361,Take Profit,AUD/USD,1541223,0.76548,301.9519,1091682.21,1/02/2021 20:02
4360,Financing,,,,-8.6365,1091380.25,1/02/2021 20:00
4360,Buy Market,USD/CAD,1055177,1.31582,-5219.705,1091388.89,1/02/2021 20:00
4358,Change Trade,,,1,,,1/02/2021 20:00
4357,Buy Market,AUD/USD,1541223,0.76533,,1096608.6,1/02/2021 20:00
4355,Financing,,,,-7.5705,1096608.6,1/02/2021 19:45
4355,Buy Market,USD/CAD,944431,1.31595,-4793.6374,1096616.17,1/02/2021 19:45
4353,Change Trade,,,1,,,1/02/2021 19:45
4352,Buy Market,AUD/USD,1399261,0.76528,,1101409.8,1/02/2021 19:45
4350,Financing,,,,-88.1714,1101409.8,1/02/2021 19:42
4350,Take Profit,AUD/USD,3518715,0.76527,8230.4283,1101497.98,1/02/2021 19:42
4349,Financing,,,,-121.1488,1093267.55,1/02/2021 19:42
4349,Take Profit,AUD/USD,4835465,0.76536,11372.2131,1093388.7,1/02/2021 19:42
4348,Financing,,,,-107.4485,1082016.48,1/02/2021 19:42
4348,Take Profit,AUD/USD,4289476,0.7655,10254.3972,1082123.93,1/02/2021 19:42
4347,Financing,,,,-81.2737,1071869.53,1/02/2021 19:42
4347,Take Profit,AUD/USD,3244973,0.76559,7502.1907,1071950.81,1/02/2021 19:42
4346,Financing,,,,-6.7126,1064448.62,1/02/2021 12:10
4346,Take Profit,AUD/USD,916319,0.7673,1313.6334,1064455.33,1/02/2021 12:10
4345,Financing,,,,-5.9335,1063141.7,1/02/2021 11:47
4345,Take Profit,AUD/USD,996064,0.76784,1128.5889,1063147.63,1/02/2021 11:47
4344,Change Trade,,,1,,,1/02/2021 9:00
4343,Sell Market,USD/CAD,893815,1.31021,,1062019.04,1/02/2021 9:00
4341,Change Trade,,,1,,,1/02/2021 9:00
4340,Sell Market,AUD/USD,996064,0.76871,,1062019.04,1/02/2021 9:00
4338,Change Trade,,,1,,,1/02/2021 8:45
4337,Sell Market,USD/CAD,808761,1.31055,,1062019.04,1/02/2021 8:45
4335,Change Trade,,,1,,,1/02/2021 8:45
4334,Sell Market,AUD/USD,916319,0.7684,,1062019.04,1/02/2021 8:45
4332,Financing,,,,-293.5628,1062312.6,1/02/2021 8:00
4331,Financing,,,,-6.0658,1062312.6,1/02/2021 3:04
4331,Take Profit,USD/CAD,3851679,1.30922,9570.2448,1062318.67,1/02/2021 3:04
4330,Change Trade,,,1,,,1/02/2021 1:01
4329,Sell Market,USD/CAD,3402280,1.311,,1052748.42,1/02/2021 1:01
4327,Change Trade,,,1,,,1/02/2021 1:01
4326,Sell Market,AUD/USD,4289476,0.76733,,1052748.42,1/02/2021 1:01
4324,Change Trade,,,1,,,1/02/2021 0:45
4323,Sell Market,USD/CAD,3851679,1.31172,,1052748.42,1/02/2021 0:45
4321,Change Trade,,,1,,,1/02/2021 0:45
4320,Sell Market,AUD/USD,4835465,0.76716,,1052748.42,1/02/2021 0:45
4318,Change Trade,,,1,,,1/02/2021 0:30
4317,Sell Market,USD/CAD,2816354,1.31138,,1052748.42,1/02/2021 0:30
4315,Change Trade,,,1,,,1/02/2021 0:30
4314,Sell Market,AUD/USD,3518715,0.76706,,1052748.42,1/02/2021 0:30
4312,Change Trade,,,1,,,1/02/2021 0:16
4311,Sell Market,USD/CAD,2615197,1.31084,,1052748.42,1/02/2021 0:16
4309,Change Trade,,,1,,,1/02/2021 0:16
4308,Sell Market,AUD/USD,3244973,0.76736,,1052748.42,1/02/2021 0:16
4306,Order Cancelled,,,,,,1/02/2020 23:46
4305,Order Cancelled,,,,,,1/02/2020 23:46
4304,Financing,,,,-2.1255,1052748.42,1/02/2020 23:46
4304,Sell Market,USD/CAD,5004000,1.31037,-995.7515,1052750.55,1/02/2020 23:46
4304,Financing,,,,-0.622,1052748.42,1/02/2020 23:46
4304,Sell Market,USD/CAD,2693460,1.31037,-1581.1251,1052749.05,1/02/2020 23:46
4302,Order Cancelled,,,,,,1/02/2020 23:46
4301,Order Cancelled,,,,,,1/02/2020 23:46
4300,Financing,,,,1.5369,1055328.05,1/02/2020 23:46
4300,Sell Market,AUD/USD,7418013,0.76696,-1740.9543,1055326.51,1/02/2020 23:46
4300,Financing,,,,0.3897,1055328.05,1/02/2020 23:46
4300,Sell Market,AUD/USD,3458478,0.76696,631.1914,1055327.66,1/02/2020 23:46
